RESP.,DESPACHO,Fecha pedido,Numero de pedido,Total a Pagar,Nombre Completo
PAOLA,11-May,29/04/2020 02:04,233,86,"Andrea Mylene, Sanabria Monroe RECOGIO 8/5"
PAOLA,11-May,29/04/2020 08:18,239,76,"Saray, Hernandez Blanco"
PAOLA,11-May,29/04/2020 08:19,240,63,"Amy Cecilia, Chavez Alva"
PAOLA,11-May,29/04/2020 08:40,241,44,"Lucia, Cortez"
PAOLA,11-May,29/04/2020 08:46,242,114,"Adriana, Carranza Paretto"
PAOLA,11-May,29/04/2020 08:47,243,119,"Giulliana, Osores"
PAOLA,11-May,29/04/2020 08:52,244,107,"Maria del Pilar, Vise"
PAOLA,11-May,29/04/2020 09:08,245,63,"Marleni, Patricio"
PAOLA,11-May,29/04/2020 09:19,246,64,"Diana, Tello valdivieso"
PAOLA,11-May,29/04/2020 10:08,247,112,"Monica, Velasquez Tasayco"
PAOLA,11-May,29/04/2020 10:11,248,81,"Claudia Liliana, Lecca Castro"
PAOLA,11-May,29/04/2020 10:13,249,72,"Jennifer, Samaniego"
PAOLA,11-May,29/04/2020 10:22,250,109,"Shyla Lisbeth, Quiroz Cárdenas"
PAOLA,11-May,29/04/2020 10:23,251,44,"Cyntia, López dapello"
PAOLA,11-May,29/04/2020 10:30,252,114,"Mariella, Cantoni"
PAOLA,11-May,29/04/2020 10:35,253,79,"Anahi, Torres"
PAOLA,11-May,29/04/2020 10:54,254,69,"Karoline, Mann"
PAOLA,11-May,29/04/2020 11:30,255,121,"Stephanie Alexa, Adriazola Burga"
PAOLA,11-May,29/04/2020 12:06,257,72,"Karina, Echegaray"
PAOLA,11-May,29/04/2020 12:10,258,259,"Ana Maria, Noriega"
PAOLA,11-May,29/04/2020 12:11,259,77,"Beatriz, Vera"
PAOLA,11-May,29/04/2020 12:14,260,122,"Ana Maria, Noriega"
PAOLA,11-May,29/04/2020 12:16,261,46,"Nelly Sabrina, Molina Castillo"
PAOLA,11-May,29/04/2020 12:19,262,42,"Ana Maria, Noriega"
PAOLA,11-May,29/04/2020 12:24,263,41,"Betty, Adrianzen Vega"
PAOLA,11-May,29/04/2020 12:40,264,73,"Ornella, Rivera john"
PAOLA,11-May,29/04/2020 12:43,265,41,"Bárbara, Candamo"
PAOLA,11-May,29/04/2020 12:56,266,46,"Bianca Estefani, Bilbao Nina"
PAOLA,11-May,29/04/2020 12:59,267,110,"Natalia, Gonzales"
PAOLA,11-May,29/04/2020 13:01,268,105,"Maritza, Sánchez Chávez"
PAOLA,11-May,29/04/2020 13:04,269,96,"Lorena, Zuñiga"
PAOLA,11-May,29/04/2020 13:07,270,106,"María liliana, Rebaza Gutiérrez"
PAOLA,11-May,29/04/2020 13:12,271,44,"Patricia, Lozano Heredia"
PAOLA,11-May,29/04/2020 13:42,272,39,"Monica, Vasquez Gonzalez"
PAOLA,11-May,29/04/2020 13:46,273,46,"Carla, Lock Salazar"
PAOLA,11-May,29/04/2020 13:46,274,110,"Rosario, Gonzalez Alvarado"
PAOLA,11-May,29/04/2020 13:53,275,68,"Mary isabel, de la cruz villar"
PAOLA,11-May,29/04/2020 14:00,276,48,"Segundo, de la cruz montoya"
PAOLA,11-May,29/04/2020 14:10,277,66,"melissa, De la Rocha"
PAOLA,11-May,29/04/2020 14:15,278,103,"Jaqueline, Abarca Aguilar"
PAOLA,11-May,29/04/2020 14:27,279,41,"Mariela, Tapia Rabelo"
PAOLA,11-May,29/04/2020 14:27,280,28,"Sandra, Paredes"
PAOLA,11-May,29/04/2020 14:31,281,44,"paola, balvin"
LUCIA,11-May,8/05/2020 10:07,555,114,"Veronika, Gamero"
